coal_ccs,year,gas_ccs
273.4176,2030,0
482.99349,2040,24.324749999999998
280.4951,2050,46.688129999999994
5.053999999999971,2060,4.027999999999997
