cumCap,year
95.70439999999999,2020
127.661,2030
124.8885,2040
95.6816,2050
31.956599999999998,2060
