years,CO2_emission
2030,0
2040,-183.33333333333334
2050,-366.6666666666667
2060,-550
