Year,CO2_emission
2020,41.52777778
2025,41.52777778
2030,37.36111111
2035,30.69444444
2040,22.22222222
2045,12.91666667
2050,2.916666667
