Year,CO2_emission
2020,4152.777778
2025,4152.777778
2030,3736.111111
2035,3069.444444
2040,2222.222222
2045,1291.666667
2050,291.6666667
2055,-129.16666665
2060,-550
