Year,CO2_emission
2020,41.52777778
2025,41.52777778
2030.038168,37.36111111
2034.961832,30.69444444
2040,22.22222222
2045.038168,12.91666667
2050.038168,2.916666667
